ConversionId,PrepId,Weight (g),GHG Emission (g) / 100g,N lost (g) / 100g,Stress-Weighted Water Use (L) / 100g,Total CO2 Emission (g),Total Nitrogen Emission (g),Total Freshwater Withdrawals (mL)
I-0,P-0,1000.0,30.620000000000005,0.79,0.99,306.20000000000005,7.9,9900.0
I-2,P-1,1.0,0.0,0.0,0.000943396226415,0.0,0.0,1.0
I-77,P-14,5000.0,0.0,0.0,0.0701262272089761,0.0,0.0,5000.0
I-95,P-17,100.0,0.0,0.0,0.0175438596491228,0.0,0.0,100.0
I-6,P-1,30.0,19.618867924528303,0.2235849056603773,2.179245283018868,20.796,0.237,2310.0
I-17,P-3,30.0,4.836279069767442,0.0551162790697674,0.5372093023255814,20.796,0.237,2310.0
I-134,P-24,300.0,10.637340153452683,0.1212276214833759,1.1815856777493607,207.96,2.37,23100.0
I-37,P-7,80.51265,1.9511376627751555,0.0222359889439176,0.2167305251495772,55.81136898,0.6360499350000001,6199.47405
I-7,P-1,45.0,0.0,0.2865566037735849,0.8586084905660377,0.0,0.30375,910.125
I-14,P-3,20.0,0.0,0.0313953488372093,0.0940697674418604,0.0,0.135,404.5
I-20,P-4,2724.0,0.0,0.1245816112202723,0.3732834202859272,0.0,18.387,55092.9
I-30,P-7,2.84,0.0,0.0006701736524112,0.0020080388325952,0.0,0.01917,57.439
I-68,P-12,5.0,0.0,0.0008965334041705,0.0026862797184221,0.0,0.03375,101.125
I-69,P-12,17.0,0.0,0.0030482135741798,0.0091333510426351,0.0,0.11475,343.82500000000005
I-72,P-13,300.0,0.0,0.061345046955468,0.1838079369887912,0.0,2.025,6067.5
I-83,P-16,750.0,0.0,0.106578947368421,0.3193421052631579,0.0,5.0625,15168.750000000002
I-89,P-16,600.0,0.0,0.0852631578947368,0.2554736842105263,0.0,4.05,12135.0
I-90,P-16,350.0,0.0,0.0497368421052631,0.1490263157894737,0.0,2.3625,7078.750000000001
I-118,P-22,45.0,0.0,0.1845382746051032,0.5529313487241798,0.0,0.30375,910.125
I-140,P-25,10.0,0.0,0.002564259682844,0.0076832817904474,0.0,0.0675,202.25
I-8,P-1,15.0,6.093396226415094,0.0382075471698113,0.0495283018867924,6.459,0.0405,52.5
I-18,P-3,15.0,1.5020930232558138,0.0094186046511627,0.0122093023255813,6.459,0.0405,52.5
I-98,P-19,200.0,8.736051937512679,0.0547778454047474,0.0710083181172651,86.11999999999999,0.54,700.0
I-99,P-19,200.0,8.736051937512679,0.0547778454047474,0.0710083181172651,86.11999999999999,0.54,700.0
I-100,P-19,200.0,8.736051937512679,0.0547778454047474,0.0710083181172651,86.11999999999999,0.54,700.0
I-117,P-22,15.0,3.924058323207776,0.0246051032806804,0.0318955042527338,6.459,0.0405,52.5
I-132,P-24,200.0,4.405115089514066,0.027621483375959,0.0358056265984654,86.11999999999999,0.54,700.0
I-136,P-24,500.0,11.012787723785165,0.0690537084398977,0.0895140664961636,215.3,1.35,1750.0
I-144,P-25,30.0,0.4907423197478348,0.0030771116194128,0.0039888483955351,12.918,0.081,105.0
I-9,P-2,16329.312,162.94653118620343,0.5480472773906055,0.6130698357250841,28644.8791104,96.3429408,107773.4592
I-10,P-2,1000.0,24.37751830105752,0.0693997580792695,10.37185072999444,4285.400000000001,12.2,1823300.0
I-97,P-18,15.0,428.54,1.22,182.33,64.281,0.183,27349.5
I-11,P-2,250.0,0.6257355236655451,0.0,0.0,110.0,0.0,0.0
I-56,P-10,150.0,0.3197420360010154,0.0,0.0,66.0,0.0,0.0
I-70,P-12,30.0,0.350644175853367,0.0,0.0,13.2,0.0,0.0
I-78,P-14,100.0,0.6171107994389902,0.0,0.0,44.0,0.0,0.0
I-93,P-17,10.0,0.7719298245614036,0.0,0.0,4.4,0.0,0.0
I-104,P-19,30.0,1.3390139987827143,0.0,0.0,13.2,0.0,0.0
I-126,P-23,73.0,0.1571121111328507,0.0,0.0,32.12,0.0,0.0
I-146,P-25,5.0,0.0835758711445453,0.0,0.0,2.2,0.0,0.0
I-16,P-3,10.0,0.7011627906976743,0.0183720930232558,0.0044186046511627,3.015,0.079,19.0
I-27,P-6,750.0,9.045,0.237,0.0569999999999999,226.125,5.925000000000001,1425.0
I-28,P-6,250.0,3.015,0.079,0.019,75.375,1.975,475.0
I-32,P-7,120.0,1.264834780607188,0.0331416078500722,0.007970766444954,36.18,0.948,228.0
I-34,P-7,2.1,0.0221346086606257,0.0005799781373762,0.0001394884127866,0.63315,0.01659,3.99
I-45,P-8,5.0,0.5798076923076922,0.0151923076923076,0.0036538461538461,1.5074999999999998,0.0395,9.5
I-61,P-11,2267.96,10.909290103957268,0.285848729092081,0.0687484285158169,683.78994,17.916884000000003,4309.124
I-66,P-12,175.0,1.4015805551866116,0.0367246646300969,0.0088325142781245,52.7625,1.3825,332.5
I-82,P-16,450.0,2.856315789473684,0.0748421052631579,0.018,135.67499999999998,3.555,855.0
I-86,P-16,100.0,0.6347368421052632,0.0166315789473684,0.004,30.15,0.79,190.0
I-94,P-17,30.0,1.586842105263158,0.041578947368421,0.01,9.045,0.237,57.0
I-101,P-19,200.0,6.116859403530127,0.1602759180361128,0.0385473726922296,60.3,1.58,380.0
I-123,P-23,320.0,0.471923302680493,0.0123654862062218,0.0029739776951672,96.48,2.5280000000000005,608.0
I-130,P-24,100.0,1.5421994884910484,0.0404092071611253,0.0097186700767263,30.15,0.79,190.0
I-142,P-25,30.0,0.3436107975010966,0.0090034006642078,0.0021653748432904,9.045,0.237,57.0
I-143,P-25,5.0,0.0572684662501827,0.0015005667773679,0.000360895807215,1.5074999999999998,0.0395,9.5
I-21,P-4,12000.0,567.7132597059422,2.28308150958737,2.28308150958737,83788.8,336.96,336960.0
I-44,P-8,30.0,80.56615384615385,0.3239999999999999,0.3239999999999999,209.472,0.8423999999999999,842.4
I-51,P-9,5.0,533.0076335877862,2.14351145038168,2.143511450381679,34.912,0.1404,140.39999999999998
I-73,P-13,3000.0,634.5713420175705,2.5519539533474704,2.5519539533474704,20947.2,84.24,84240.0
I-119,P-23,2000.0,68.30757190373704,0.2747016239483467,0.2747016239483467,13964.8,56.16,56160.0
I-23,P-5,250.0,234.2575,0.16875,0.6224999999999999,2342.5750000000003,1.6875,6225.0
I-24,P-5,50.0,46.8515,0.03375,0.1245,468.515,0.3375,1245.0
I-25,P-5,600.0,562.2180000000001,0.4049999999999999,1.494,5622.18,4.05,14940.0
I-35,P-7,18.0,5.89645838045947,0.0042475794871136,0.015668848774686,168.6654,0.1215,448.2
I-46,P-8,1.0,3.6039615384615376,0.0025961538461538,0.009576923076923,9.3703,0.00675,24.9
I-57,P-10,30.0,1.3618539999728707,0.0009810267013667,0.0036188984983751,281.10900000000004,0.2024999999999999,747.0
I-84,P-16,150.0,29.590421052631584,0.0213157894736842,0.0786315789473684,1405.545,1.0125,3735.0
I-87,P-16,50.0,9.863473684210526,0.0071052631578947,0.0262105263157894,468.515,0.3375,1245.0
I-91,P-17,30.0,49.31736842105264,0.0355263157894736,0.1310526315789473,281.10900000000004,0.2024999999999999,747.0
I-105,P-19,10.0,9.50527490363157,0.0068472306755934,0.0252586731588557,93.703,0.0675,249.0
I-109,P-21,15.0,9.5941638225256,0.0069112627986348,0.025494880546075,140.55450000000002,0.1012499999999999,373.5
I-124,P-23,4.0,0.1833359420856975,0.0001320680884367,0.0004871845040109,37.4812,0.027,99.6
I-125,P-23,16.0,0.7333437683427901,0.0005282723537468,0.0019487380160438,149.9248,0.108,398.4
I-128,P-23,3.0,0.1375019565642731,9.905106632752886e-05,0.0003653883780082,28.1109,0.02025,74.69999999999999
I-26,P-5,100.0,16.413999999999998,0.0,0.101,164.14,0.0,1010.0
I-65,P-12,10.0,0.4360207198831186,0.0,0.0026829592243325,16.414,0.0,101.0
I-85,P-16,2000.0,69.11157894736841,0.0,0.4252631578947368,3282.8,0.0,20200.0
I-88,P-16,300.0,10.366736842105263,0.0,0.0637894736842105,492.42,0.0,3030.0
I-148,P-25,15.0,0.9353279652044776,0.0,0.005755338399272,24.621,0.0,151.5
I-29,P-6,1500.0,194.406,0.0119999999999999,0.084,4860.15,0.3,2100.0
I-39,P-7,600.0,67.96336936393615,0.0041951402341863,0.0293659816393045,1944.06,0.12,840.0
I-62,P-11,4000.0,206.77221935047444,0.0127633233141245,0.0893432631988717,12960.4,0.8,5600.0
I-64,P-12,60.0,5.16419179173861,0.0003187674325939,0.0022313720281577,194.406,0.012,84.0
I-79,P-15,2840.0,312.98925170068026,0.0193197278911564,0.1352380952380952,9201.884,0.5680000000000001,3976.0
I-80,P-15,100.0,11.020748299319727,0.0006802721088435,0.0047619047619047,324.01,0.02,140.0
I-110,P-21,100.0,22.116723549488054,0.0013651877133105,0.009556313993174,324.01,0.02,140.0
I-145,P-25,30.0,3.692647910392382,0.0002279341940305,0.001595539358214,97.203,0.006,42.0
I-150,P-27,3000.0,318.6983606557377,0.0196721311475409,0.1377049180327869,9720.3,0.6,4200.0
I-33,P-7,12.0,0.2109736023772321,0.0033141607850072,0.0341064901039351,6.034800000000001,0.0948,975.6
I-36,P-7,60.0,1.0548680118861606,0.0165708039250361,0.1705324505196756,30.174,0.474,4878.0
I-52,P-10,9071.84,22.102063285669164,0.3471988466032738,3.573071674537488,4562.228336,71.66753600000001,737540.592
I-53,P-10,2267.96,5.525515821417291,0.0867997116508184,0.893267918634372,1140.557084,17.916884000000003,184385.148
I-54,P-10,2267.96,5.525515821417291,0.0867997116508184,0.893267918634372,1140.557084,17.916884000000003,184385.148
I-55,P-10,2267.96,5.525515821417291,0.0867997116508184,0.893267918634372,1140.557084,17.916884000000003,184385.148
I-59,P-10,50.0,0.1218168711400838,0.001913607639703,0.0196932026718807,25.145,0.395,4065.0
I-60,P-10,4535.92,11.051031642834582,0.1735994233016369,1.786535837268744,2281.114168,35.833768000000006,368770.296
I-115,P-22,30.0,9.165856622114214,0.1439854191980558,1.4817739975698665,15.087,0.237,2439.0
I-121,P-23,5.0,0.0122994521620035,0.0001932107219722,0.0019883584425748,2.5145,0.0395,406.5
I-138,P-25,100.0,1.9104684362996291,0.0300113355473594,0.3088508329114334,50.29,0.79,8130.0
I-151,P-27,50.0,0.8244262295081967,0.0129508196721311,0.1332786885245901,25.145,0.395,4065.0
I-5,P-1,15.0,7.116509433962263,0.1117924528301886,1.1504716981132077,7.5435,0.1185,1219.5
I-31,P-7,165.0,2.9008870326869416,0.0455697107938493,0.4689642389291079,82.9785,1.3035,13414.5
I-49,P-9,0.55,4.222824427480917,0.0663358778625954,0.6826717557251909,0.276595,0.004345,44.715
I-67,P-12,27.5,0.3673728250763713,0.0057710187275866,0.059390357285164,13.82975,0.21725,2235.75
I-102,P-19,45.8,2.3364597281395825,0.0367031852302698,0.3777175897748021,23.03282,0.36182,3723.54
I-113,P-22,45.8,13.993207776427704,0.2198177399756986,2.2621749696233286,23.03282,0.36182,3723.54
I-114,P-22,27.5,8.402035236938032,0.1319866342648845,1.3582928311057108,13.82975,0.21725,2235.75
I-116,P-22,1.3,0.397187120291616,0.006239368165249,0.0642102065613608,0.6537700000000001,0.01027,105.69
I-129,P-24,800.0,20.579028132992327,0.3232736572890026,3.3268542199488493,402.32,6.32,65040.0
I-135,P-24,27.5,0.7074040920716113,0.0111125319693094,0.1143606138107417,13.82975,0.21725,2235.75
I-137,P-24,27.5,0.7074040920716113,0.0111125319693094,0.1143606138107417,13.82975,0.21725,2235.75
I-139,P-25,79.3787,1.5165050086449738,0.0238226080101318,0.245161776104268,39.91954823,0.6270917300000001,6453.48831
I-38,P-7,1800.0,86.68837779922698,0.5436901743505524,0.2831719658075794,2479.68,15.552,8100.0
I-41,P-8,150.0,22.90384615384616,0.2884615384615385,0.15,59.55,0.75,390.0
I-63,P-12,3250.0,34.27413999203082,0.4316642316376676,0.2244654004515871,1290.25,16.25,8450.0
I-42,P-8,50.0,171.35384615384615,1.794230769230769,29.986538461538466,445.52,4.665,77965.0
I-71,P-12,190.0,7.462212777261255,0.02977819099482,3.4172997742064024,280.915,1.1210000000000002,128644.25
I-106,P-20,200.0,147.85,0.5900000000000001,67.7075,295.7,1.1800000000000002,135415.0
I-120,P-23,1082.0,7.824970651535902,0.0312257875171199,3.5834237429074545,1599.737,6.383800000000001,732595.15
I-75,P-14,2000.0,42.70687237026648,0.4151472650771389,11.758765778401122,3045.0,29.6,838400.0
I-12,P-3,340.0,120.38372093023256,1.1702325581395348,33.1460465116279,517.65,5.032,142528.0
I-76,P-14,30.0,2.3723562412342214,8.41514726507714e-05,0.1337587657784011,169.149,0.006,9537.0
I-92,P-17,400.0,395.6701754385965,0.0140350877192982,22.30877192982456,2255.32,0.08,127160.0
I-103,P-19,100.0,57.19517143436803,0.0020288090890647,3.224792047068371,563.83,0.02,31790.0
I-108,P-21,1350.0,233.5546075085324,0.4883959044368601,145.1273037542662,3421.575,7.155,2126115.0
I-122,P-23,941.0,52.61756799060849,0.4618927313637253,4.6496557229505,10757.1356,94.42935,950575.616
I-127,P-23,16000.0,174.7211895910781,1.5339463901389163,15.441205243592254,35720.0,313.6,3156800.0
I-147,P-25,60.0,2.266349691246039,0.0015499525194079,0.1527842902586965,59.658,0.0408,4021.8
I-152,P-28,22679.6,402.67465237534105,10.690153513373906,33.89181375002018,99781.16816,2648.97728,8398255.879999999
I-153,P-28,2100.0,37.285347624659,0.9898464866260958,3.138186249979822,9239.160000000002,245.28,777630.0
I-15,P-3,15.0,0.0,0.0,0.0,0.0,0.0,0.0
I-22,P-4,35.0,0.0,0.0,0.0,0.0,0.0,0.0
I-50,P-9,1.0,0.0,0.0,0.0,0.0,0.0,0.0
I-74,P-13,1.0,0.0,0.0,0.0,0.0,0.0,0.0
I-43,P-8,24.0,90.7523076923077,1.2258461538461538,16.710461538461537,235.956,3.1872,43447.2
I-141,P-25,2267.96,33.96332819936887,0.2326255356121155,3.2222944562567117,894.029832,6.123492000000001,84821.704
P-0,P-0,1000.0,0.0,0.0,0.1,0.0,0.0,1000.0
P-9,P-9,907.184,47.578125,0.5890625,13.47921875,431.6211375,5.34388075,122281.315825
P-17,P-24,300.0,0.0,0.675,2.0225,0.0,2.025,6067.5
P-2,P-22,17579.3,175.42,0.5900000000000001,0.66,30837.60806,103.71787,116023.38
P-5,P-15,30.0,937.0300000000002,0.675,2.49,281.10900000000004,0.2024999999999999,747.0
P-25,P-3,20.0,50.29,0.79,8.129999999999999,10.058,0.158,1626.0
P-18,P-3,135.0,39.7,0.5,0.26,53.595000000000006,0.675,351.0
P-12,P-18,120.0,39.7,0.5,0.26,47.64,0.6,312.0
P-21,P-22,3470.0,126.725,0.2649999999999999,78.745,4397.3575,9.1955,2732451.5
P-20,P-1,4735.92,439.96,11.679999999999998,37.03,20836.153632,553.155456,1753711.176
P-28,P-26,18143.68,219.98,5.840000000000001,18.515,39912.467264000006,1059.590912,3359302.352
P-27,P-10,1000.0,315.09000000000003,0.02,6.75,3150.9,0.2,67500.0
P-15,P-24,200.0,69.95,0.5900000000000001,0.0,139.9,1.1800000000000002,0.0
